"","Jun.Onki","Jun.Onmy","Jul.Onki","Jul.Onmy","Aug.Onki","Aug.Onmy","Sep.Onki","Sep.Onmy","Oct.Onki","Oct.Onmy","Nov.Onki","Nov.Onmy","Dec.Onki","Dec.Onmy"
"1",1.80398136983654,2.18183554291085,2.21138449841007,1.74056993772753,1.16475815763152,1.42322959653306,2.17703189554765,3.00880724267543,1.72752318608645,3.31272750254827,2.11857059515808,2.58251988085377,1.54860445736296,2.74986714591741
