"","Jun.Onki.1","Jun.Onki.2","Jun.Onmy.1","Jun.Onmy.2","Jul.Onki.1","Jul.Onki.2","Jul.Onmy.1","Jul.Onmy.2","Aug.Onki.1","Aug.Onki.2","Aug.Onmy.1","Aug.Onmy.2","Sep.Onki.1","Sep.Onki.2","Sep.Onmy.1","Sep.Onmy.2","Oct.Onki.1","Oct.Onki.2","Oct.Onmy.1","Oct.Onmy.2","Nov.Onki.1","Nov.Onki.2","Nov.Onmy.1","Nov.Onmy.2","Dec.Onki.1","Dec.Onki.2","Dec.Onki.3","Dec.Onki.4","Dec.Onmy.1","Dec.Onmy.2"
"99%",1.11538403869432,2.86169233256299,1.53456551080887,3.08815696263249,1.25642231402226,3.86013689019011,1.10500694493709,2.68085806454037,0.272666340440318,4.96946314694782,0.942816886846166,2.10074747453689,1.11268440071043,5.00237713954197,2.10364368988364,4.17926423552658,0.824235408640178,3.66044800735538,2.38453739729116,4.5697656808664,1.07575500692691,4.54989962410481,1.80347684105338,3.67066356487725,0.507145060279993,4.61128283371802,4.87729338620669,5.14355306815413,1.94382572030425,3.85285743981959
"95%",1.2754741145419,2.547018194924,1.64695512811748,2.81891709034113,1.4316113300265,3.36965802876829,1.2460497947245,2.40728756996893,0.406864836511427,3.23031209866133,1.05943683686285,1.90410337932105,1.30380373470603,3.93788441984476,2.27822562773303,3.87454621271334,0.997308533804657,2.98153182359804,2.56119750045018,4.27052694488081,1.28763129531295,3.71991170687943,1.96042360603698,3.38200294325323,0.680529411917101,3.53761064561258,NA,NA,2.1145114321691,3.52133455385885
"50%",1.64249947600272,2.05044640782431,1.94376492600405,2.35483322043941,1.89979932217522,2.50461635860156,1.56471853240871,1.95664446178018,0.79359689059246,1.54482151654227,1.28620533885511,1.56814773223988,1.81055880995259,2.65537895762915,2.72266620773854,3.25991714723545,1.38772513779015,1.98284826937893,3.03340007696595,3.60453260504139,1.83084156672947,2.59854695174703,2.35090737292038,2.82831908664056,1.11521314002503,1.93149350437184,NA,NA,2.50622341781532,2.99468381379912
