"","Jun.Onki","Jun.Onmy","Jul.Onki","Jul.Onmy","Aug.Onki","Aug.Onmy","Sep.Onki","Sep.Onmy","Oct.Onki","Oct.Onmy","Nov.Onki","Nov.Onmy","Dec.Onki","Dec.Onmy"
"1",1.82294658793134,2.14089149156841,2.20429338896889,1.75274042571864,0.996050407787025,1.41873985983279,2.2233439158339,3.00224170660184,1.65140633076968,3.28912273243652,2.1664640959703,2.60342250037839,1.42216663680279,2.73295106032743
