"","Overall.Onki.1","Overall.Onki.2","Overall.Onmy.1","Overall.Onmy.2"
"99%",4.50497882882259,7.29338956207836,5.48873607947976,7.14481594957838
"95%",4.73822292041414,6.86652376693535,5.66543681801761,6.9327094560301
"50%",5.34904631527828,6.06918510760969,6.06130737956255,6.49874524351667
