"","Jun.Onki.1","Jun.Onki.2","Jun.Onmy.1","Jun.Onmy.2","Jul.Onki.1","Jul.Onki.2","Jul.Onmy.1","Jul.Onmy.2","Aug.Onki.1","Aug.Onki.2","Aug.Onmy.1","Aug.Onmy.2","Sep.Onki.1","Sep.Onki.2","Sep.Onmy.1","Sep.Onmy.2","Oct.Onki.1","Oct.Onki.2","Oct.Onmy.1","Oct.Onmy.2","Nov.Onki.1","Nov.Onki.2","Nov.Onmy.1","Nov.Onmy.2","Dec.Onki.1","Dec.Onki.2","Dec.Onmy.1","Dec.Onmy.2"
"99%",1.16938855975383,2.86816149778405,1.50382142968926,3.09029964608788,1.23074880985459,3.81500252725649,1.0793731960159,2.68608360315427,0.00435610988695972,4.96553893029366,0.963212294511904,2.10854933529898,1.08543528126334,4.89095598085024,2.10764886029328,4.18274576362646,0.655216238307377,3.62390405373305,2.35917551870149,4.60094222929779,1.09828559398736,4.70001345271955,1.80435683888794,3.73536034732272,0.46227482508657,4.94668563232061,1.95139719270781,3.81610149026679
"95%",1.30168715497587,2.57210373839556,1.65135912543028,2.80855496227012,1.43122262774889,3.32770561480473,1.22990754258385,2.40792321842592,0.264189658943415,3.13129676631075,1.07620850289145,1.91178790325265,1.27135849983167,3.92226142304857,2.29437621593775,3.86733530077504,0.903182960703309,2.9563428371864,2.56920713135927,4.252049734604,1.29690735107545,3.80417646660581,1.97425995672459,3.39206919556931,0.641926629298628,3.53392950739734,2.12499095413215,3.52342426859818
"50%",1.60720129697159,2.03396872654572,1.98069171978465,2.36517530271844,1.91775625055712,2.54392552379318,1.55884442671498,1.93642699736146,0.830257885588088,1.57859750864355,1.28831737303405,1.57665372600761,1.85955222386182,2.6773004993331,2.74088979230736,3.27729101710619,1.43230970124403,2.05580146704471,3.04018100925787,3.60439249365506,1.80023241985943,2.59284916192266,2.35729611558287,2.83195518999944,1.17410863588355,1.97319782944995,2.52687538596201,2.98064012469541
