"","Overall.Onki","Overall.Onmy"
"1",5.71507980565793,6.29751258879054
