"","Overall.Onki","Overall.Onmy"
"1",5.72141747154793,6.26566170087655
