"","Overall.Onki","Overall.Onmy"
"1",5.6810288514063,6.28171391246462
