"","Jun.Onki.1","Jun.Onki.2","Jun.Onmy.1","Jun.Onmy.2","Jul.Onki.1","Jul.Onki.2","Jul.Onmy.1","Jul.Onmy.2","Aug.Onki.1","Aug.Onki.2","Aug.Onki.3","Aug.Onki.4","Aug.Onmy.1","Aug.Onmy.2","Sep.Onki.1","Sep.Onki.2","Sep.Onmy.1","Sep.Onmy.2","Oct.Onki.1","Oct.Onki.2","Oct.Onmy.1","Oct.Onmy.2","Nov.Onki.1","Nov.Onki.2","Nov.Onmy.1","Nov.Onmy.2","Dec.Onki.1","Dec.Onki.2","Dec.Onmy.1","Dec.Onmy.2"
"99%",1.16846059678648,2.88461382228826,1.48856952599811,3.11370890665136,1.23357807132527,3.87393948816319,1.11190443226919,2.68672232383983,0.324670294047626,4.75090187664509,5.211911214645,5.31623789642171,0.962640820392304,2.09151490692788,0.981207455458847,4.92883442532998,2.06478973102452,4.18422939197352,0.781268857757555,3.87437595127583,2.38714819118754,4.68273752791807,1.06912170585231,4.73035379029544,1.78734009744208,3.66207035237442,0.516680731203772,4.97631033457089,1.95495210931111,3.78686377113176
"95%",1.30718005240487,2.56891356652949,1.65278913607776,2.81230713759782,1.44907752774178,3.35342936227303,1.2435567566011,2.41063838548993,0.434515893416127,3.23535319697241,3.57388615578877,3.66973275733028,1.05797241635783,1.8899818247437,1.25032916554782,3.87812158440581,2.28592613104805,3.85394953572088,0.991536208390477,3.00546365669589,2.59860860499902,4.24770812977935,1.29710129503656,3.74021034180711,1.96698589835464,3.35846547654312,0.679971269254049,3.50095803640254,2.11946271032843,3.52085872373522
"50%",1.62541056246874,2.0456451069314,1.96284485756306,2.35243279730306,1.91226426876199,2.53857001298815,1.56311549612931,1.95200043470555,0.778710288241753,1.49841976671708,NA,NA,1.2902992207814,1.57719203031701,1.83852653760081,2.66302514983904,2.74072632872734,3.27880470814312,1.38876657550681,2.00991635157688,3.03695724022713,3.63277634099007,1.81970767349207,2.59771336642772,2.36806218281916,2.84161192430314,1.12264184659809,1.93016858896936,2.50584620051297,2.9925702363645
