"","Overall.Onki.1","Overall.Onki.2","Overall.Onmy.1","Overall.Onmy.2"
"99%",4.44419794634671,7.31347273762775,5.52138542088118,7.11067221616835
"95%",4.72316971712069,6.88075333845962,5.6665696649816,6.9334652919497
"50%",5.36586475798797,6.0834926369209,6.07856588068972,6.50097559784419
