"","Overall.Onki.1","Overall.Onki.2","Overall.Onmy.1","Overall.Onmy.2"
"99%",4.41957964953709,7.31234939911769,5.49846024220188,7.17426035928331
"95%",4.73488345483778,6.86047885033662,5.6609657380274,6.94479503893828
"50%",5.36789319445452,6.09351875548459,6.05016734999419,6.48441345295584
