"","Jun.Onki","Jun.Onmy","Jul.Onki","Jul.Onmy","Aug.Onki","Aug.Onmy","Sep.Onki","Sep.Onmy","Oct.Onki","Oct.Onmy","Nov.Onki","Nov.Onmy","Dec.Onki","Dec.Onmy"
"1",1.8420823324272,2.08614593426925,2.17531894170669,1.75662797094646,1.10078640078557,1.42130852848992,2.15283926997588,2.98280020826254,1.61709702161395,3.31391485910889,2.17763755996673,2.58196334441144,1.43748319777452,2.73438623871134
