"","Jun.Onki","Jun.Onmy","Jul.Onki","Jul.Onmy","Aug.Onki","Aug.Onmy","Sep.Onki","Sep.Onmy","Oct.Onki","Oct.Onmy","Nov.Onki","Nov.Onmy","Dec.Onki","Dec.Onmy"
"1",1.83086178117011,2.1492411749185,2.12538571992823,1.74256090152099,1.06947084229829,1.42853737908892,2.24584611300163,2.99507142014173,1.6578410862628,3.33489456793881,2.20141009507679,2.60881558505202,1.45707873765343,2.74079007893045
