"","Jun.Onki.1","Jun.Onki.2","Jun.Onmy.1","Jun.Onmy.2","Jul.Onki.1","Jul.Onki.2","Jul.Onmy.1","Jul.Onmy.2","Aug.Onki.1","Aug.Onki.2","Aug.Onki.3","Aug.Onki.4","Aug.Onmy.1","Aug.Onmy.2","Sep.Onki.1","Sep.Onki.2","Sep.Onmy.1","Sep.Onmy.2","Oct.Onki.1","Oct.Onki.2","Oct.Onmy.1","Oct.Onmy.2","Nov.Onki.1","Nov.Onki.2","Nov.Onmy.1","Nov.Onmy.2","Dec.Onki.1","Dec.Onki.2","Dec.Onmy.1","Dec.Onmy.2"
"99%",1.16515222979996,2.91937264557845,1.51886344931793,3.09863924745011,1.28949782647922,3.88709990307621,1.11709382139339,2.70230211029238,0.307974031986108,4.56800408970908,4.91180098128308,5.17577338415868,0.947253975933174,2.09756545691557,1.02198269858501,4.63171664089027,2.1045768732561,4.18446917659689,0.668484834905227,4.03041119951299,2.37951726689606,4.63650914688985,0.994639894322631,4.77840135596922,1.81208480721589,3.68360062208471,0.496304234663477,4.7225380743773,1.98466284221088,3.81213593229186
"95%",1.31125270495805,2.58830576602805,1.63159707542228,2.82367953597823,1.47850966747244,3.35755212275572,1.26294266267136,2.39993709063954,0.434577651492266,3.29763255358942,NA,NA,1.05209285172459,1.89768572548536,1.28988593835181,3.87431793625577,2.30796626976143,3.87361858131938,0.928475006538399,2.99066264684125,2.57658349899928,4.29478192935546,1.25081634539918,3.81807488388912,1.96759816322711,3.38980147113119,0.697680257291617,3.48194875661066,2.14629850979893,3.5225623741185
"50%",1.64245851002694,2.04479273157919,1.96257738829363,2.35913576243795,1.8875776240665,2.50120706760238,1.5538368393549,1.93262770150957,0.778175226180419,1.53157942745334,NA,NA,1.30057802516692,1.59022959296022,1.84555773250258,2.67985659607139,2.74012368417288,3.25972355457086,1.41737750289074,2.0387770887199,3.04359122025944,3.6263600446858,1.83087446641418,2.64074974344387,2.36904041458047,2.83496313101779,1.14109787662304,1.93992000265982,2.51239656730221,2.98689224747108
