"","Overall.Onki","Overall.Onmy"
"1",5.7144194417416,6.31331034457708
